row_id,dc_t0,dc_t1,dc_t2,dc_t3,dc_t4,dc_t5,dc_t6,dc_t7
0,-0.000699,-0.002697,0.006896,0.000943,-0.000294,0.000068,-0.007474,0.012991
1,0.000097,-0.000743,0.001692,0.002709,-0.000092,0.000680,-0.003802,-0.008905
2,0.010284,-0.002163,0.006417,0.001325,0.000606,0.006937,0.016120,0.009360
3,0.003231,0.002493,0.000325,0.006826,-0.007062,-0.007255,-0.010002,0.019563
4,-0.002785,-0.002857,-0.004913,-0.003160,-0.005335,-0.006186,-0.030144,0.001401
5,-0.000295,0.000149,-0.001895,-0.001901,-0.003453,-0.004216,-0.020312,-0.008754
6,-0.003540,0.001120,0.001129,-0.001360,0.003048,0.000202,-0.011056,-0.011190
7,0.005235,0.004747,0.001071,0.004591,-0.006463,-0.004902,-0.002162,0.010680
8,-0.001678,-0.001048,-0.003030,-0.000897,-0.003025,0.003079,-0.005851,-0.007426
9,0.000200,-0.000148,-0.002012,0.002668,-0.013802,-0.013883,-0.022508,0.024784
10,-0.003449,-0.000566,-0.000792,0.000721,-0.003013,0.002517,0.001689,0.002077
11,-0.002128,0.001866,-0.001051,-0.001576,-0.003181,-0.000553,-0.013016,-0.007038
12,0.002176,-0.002482,0.007882,0.000466,0.004832,-0.002872,0.007606,-0.007032
13,-0.006147,-0.001740,-0.002783,-0.000374,0.001282,0.000967,-0.015354,-0.007622
14,-0.003901,0.001646,0.004107,0.004903,-0.003046,0.002696,0.008378,0.007610
15,-0.001677,-0.002607,-0.002592,0.000799,0.000285,-0.000450,-0.005436,0.003641
16,0.000308,-0.003383,-0.000743,-0.002369,-0.001937,-0.002328,-0.004624,-0.007785
17,0.002524,0.001322,0.000591,0.000619,-0.001526,-0.006240,0.005056,0.014178
18,-0.003387,-0.004542,-0.006912,-0.004956,-0.004543,-0.004721,-0.022273,-0.003796
19,0.002171,-0.002591,0.001212,-0.001353,-0.007369,-0.005884,-0.019324,0.003769
20,-0.003005,-0.000011,-0.003167,-0.002319,-0.003513,-0.003824,-0.012544,-0.004126
21,-0.002759,0.000550,-0.006700,-0.005174,-0.001745,-0.001365,-0.006299,-0.003163
22,-0.003110,-0.001698,-0.001497,-0.002194,0.005863,0.003095,-0.005079,0.000745
23,-0.006926,0.002101,-0.004834,-0.001117,-0.010071,-0.014456,-0.029824,0.004218
24,-0.004057,0.003379,-0.000702,-0.002568,-0.003018,-0.005190,0.000158,-0.001856
25,0.000393,0.000894,-0.001684,-0.000383,-0.003049,-0.002228,0.007903,0.006778
26,-0.003280,0.001368,-0.002996,-0.002602,-0.001277,-0.004148,0.014508,-0.000064
27,-0.000139,-0.002502,-0.003907,-0.000505,-0.008356,-0.006099,-0.025508,-0.002461
28,0.003929,0.000962,0.006679,0.005251,-0.002443,-0.001715,0.002306,0.009572
29,-0.002432,-0.001039,-0.001272,-0.000445,-0.000377,-0.003538,-0.025928,-0.009538
30,0.002627,-0.001477,0.000564,-0.000960,0.000550,-0.000574,-0.012339,-0.004968
31,-0.013854,-0.000896,-0.004100,-0.010048,-0.014417,-0.028801,-0.063205,-0.043579
32,0.000482,-0.004410,-0.001550,-0.000957,-0.000384,0.001395,-0.016047,0.007464
33,0.001767,-0.000582,-0.002326,-0.001011,0.007073,0.008647,-0.003899,-0.005282
34,0.011329,0.005156,0.026519,0.010595,0.028532,0.009784,0.071994,-0.002159
35,0.036577,0.018870,0.023860,0.027216,0.020074,0.021870,0.137639,0.110647
36,-0.000601,-0.001847,0.002024,-0.004094,0.006541,0.002562,-0.005815,-0.001298
37,-0.002923,0.000732,-0.003579,-0.003708,0.002036,0.005156,-0.010821,0.002000
38,-0.006729,-0.002437,-0.005529,-0.007278,0.001345,0.000878,-0.026735,0.002521
39,0.000439,-0.002330,-0.001966,-0.003487,-0.000858,0.003810,-0.003604,0.000686
40,-0.001750,0.000299,0.002496,-0.003819,0.003548,0.004976,0.007257,0.003162
41,0.012553,0.003589,0.005854,0.001913,0.005030,0.007621,0.050299,0.045174
42,-0.000912,0.000645,-0.005583,-0.006020,0.000037,0.000025,-0.000456,0.005231
43,0.002950,-0.000898,-0.000852,0.001298,-0.000458,0.000929,0.009214,0.005956
44,0.005121,0.004025,0.005051,0.004514,-0.002169,-0.002229,0.022039,-0.002437
45,-0.009344,0.000946,-0.006161,-0.001180,-0.004079,-0.005505,-0.026524,0.004790
46,-0.001965,0.001060,-0.000983,-0.005146,0.005246,0.005795,0.000058,-0.011108
47,-0.007854,-0.000678,-0.004949,-0.005359,0.000027,-0.000887,-0.026383,-0.016186
48,-0.007182,0.001488,-0.008942,-0.000478,-0.005675,-0.000717,-0.000320,-0.000420
49,-0.010284,-0.001030,-0.005246,-0.002897,-0.007876,-0.006088,-0.017379,0.006020
50,0.004107,0.006240,0.011259,0.014354,-0.003433,0.001982,0.011167,0.020021
51,-0.000815,0.001503,-0.007572,-0.002799,-0.002901,0.002672,-0.008817,-0.007649
52,-0.013436,-0.001377,-0.003926,-0.001639,-0.003928,-0.002828,-0.023526,-0.011491
53,-0.009712,-0.001098,0.004747,0.004460,-0.006298,-0.005587,-0.006745,0.000950
54,0.023549,-0.000716,0.012070,0.002697,-0.008297,-0.001489,0.047291,-0.004248
55,-0.001816,0.001746,-0.003832,-0.002390,-0.004457,-0.003981,-0.001178,0.000120
56,0.030166,0.000328,0.120132,0.002433,0.035098,0.003337,0.266964,-0.000948
57,-0.005061,0.000105,0.038370,0.043522,-0.006802,0.003324,0.080153,0.091570
58,-0.007083,-0.003963,-0.004899,-0.007786,-0.004495,-0.009252,-0.010553,-0.006320
59,-0.012364,-0.001282,-0.030104,-0.009280,-0.003458,-0.007229,-0.037765,-0.014887
60,-0.000490,0.000477,-0.013388,-0.002328,-0.000342,0.001165,0.013712,0.019058
61,0.000423,0.010655,-0.000588,0.013423,-0.003397,0.000854,0.020797,0.035863
62,0.007594,0.005267,0.044960,0.038409,0.002160,0.016432,0.108065,0.096314
63,0.001828,0.006181,0.026312,0.021742,-0.000718,0.005916,0.055384,0.059459
64,0.005038,-0.002226,-0.011831,-0.001178,-0.000899,-0.001249,0.008802,-0.001863
65,-0.002474,-0.004870,-0.014844,-0.005380,-0.001006,-0.006688,0.008887,0.010085
66,-0.006726,-0.004692,-0.016680,-0.004057,0.000655,-0.001550,-0.021022,-0.021190
67,0.005937,-0.000309,-0.006285,0.002555,-0.000238,-0.000932,0.015074,0.008691
68,-0.000367,-0.001638,-0.002815,0.003755,-0.003148,-0.005909,-0.002004,0.003175
69,0.001339,0.013826,-0.012546,0.007128,-0.002305,0.005313,0.001242,0.019571
70,0.007744,0.003814,0.006622,0.004415,0.013064,0.014003,0.080417,-0.012839
71,0.004861,-0.011045,0.006045,-0.006379,0.000034,-0.005426,-0.013884,-0.057341
72,-0.006493,-0.007930,-0.022350,-0.010204,-0.002003,-0.004782,-0.032813,-0.050481
73,-0.007932,-0.011095,-0.021622,-0.012586,-0.002531,-0.005870,-0.021548,-0.065686
74,0.000315,-0.003194,-0.014762,-0.008319,-0.001607,0.000454,0.003783,-0.020971
75,0.013839,0.028197,0.040583,0.048191,0.012899,0.027593,0.234178,0.252924
76,0.003822,0.002974,-0.007044,0.004570,-0.003892,0.000931,0.026393,0.033023
77,-0.002694,0.004019,0.012770,0.014068,-0.001987,0.000850,-0.007643,0.002316
78,-0.001645,-0.003376,-0.001744,0.000753,-0.001512,-0.002544,-0.027457,-0.005038
79,-0.000428,0.000705,0.013071,0.008138,-0.001128,0.004110,0.023604,0.023308
80,-0.011248,-0.005110,-0.004840,-0.005320,-0.001069,0.007767,0.005220,-0.006439
81,0.003014,0.000356,-0.005338,-0.004364,-0.003959,0.001709,0.010527,0.012403
82,0.002419,-0.001993,0.000699,0.000066,0.000896,0.002545,-0.002579,-0.012107
83,0.004049,0.007015,0.004328,0.010991,0.001246,0.002446,-0.004102,0.043141
84,0.008341,0.013071,-0.004584,0.005572,-0.002882,0.001897,0.002876,0.014805
85,0.006184,-0.004745,0.004912,-0.002668,-0.001908,-0.003986,0.002468,-0.029547
86,-0.007809,0.000629,0.003125,0.003358,-0.001027,-0.000774,-0.008292,0.005348
87,-0.011434,-0.005424,-0.006134,-0.003029,-0.001124,-0.019015,-0.026341,-0.034186
88,-0.000022,-0.001539,0.004970,0.003441,-0.006715,-0.003125,-0.018607,-0.006349
89,0.053656,0.001835,0.047501,0.007744,0.001293,0.004159,0.132445,0.039941
90,0.003250,0.001654,0.008984,0.006038,-0.005216,-0.000472,0.015511,0.030385
91,0.007648,0.001256,0.008192,0.000976,-0.000339,0.007857,0.013594,-0.006570
92,0.007012,0.004296,0.007529,0.001668,0.000390,0.006056,0.020997,0.014469
93,0.007589,-0.002496,0.014392,0.002660,-0.001281,-0.001015,0.035532,0.000114
94,0.006608,-0.001922,0.005578,0.001779,-0.001569,0.000762,0.009580,0.004100
95,0.034132,-0.007186,0.009678,-0.007251,0.011460,0.009466,0.403467,-0.050173
96,0.008840,-0.002205,0.011785,0.002604,-0.002866,-0.002225,0.008041,-0.010911
97,0.005464,-0.008672,0.007479,-0.001994,-0.000937,-0.008117,0.014513,-0.048202
98,0.002859,0.004727,0.014264,0.012283,-0.001042,0.008064,0.048166,0.071345
99,0.008681,0.001946,0.007086,0.002793,-0.000149,0.001741,0.050032,0.033329
100,0.003197,0.006598,0.008469,0.015102,0.002785,0.015154,0.048522,0.065229
101,0.010759,0.009958,0.031575,0.032569,0.006214,0.025864,0.090653,0.118914
102,0.001022,0.007701,0.003903,0.010798,0.000363,0.013784,-0.020569,0.022442
103,0.002815,0.001512,0.019223,0.011478,-0.000470,0.012923,0.043578,0.049266
104,-0.001431,0.003454,0.007025,0.010745,0.000009,0.015878,0.031298,0.076556
105,0.035188,0.037244,0.030091,0.051688,0.002866,0.028488,0.138964,0.221209
106,0.001902,0.000645,0.010976,0.005028,-0.000927,0.007460,0.030521,0.029129
107,-0.007082,0.002628,-0.016295,-0.000488,-0.006677,-0.004918,-0.023059,0.004637
108,-0.000426,0.000885,-0.000243,0.001380,-0.002020,0.004411,0.005652,0.019817
109,-0.000375,0.005304,0.001824,0.001085,-0.002170,0.006435,0.015107,0.050360
110,-0.008081,0.002149,-0.010869,0.000522,0.012068,0.020688,0.056154,0.035587
111,0.007834,0.009043,0.000832,0.007653,-0.002692,0.006944,0.002873,0.048220
112,0.010056,0.012659,0.014596,0.008841,-0.002763,0.002354,0.025637,0.084053
113,0.011342,0.014273,-0.002601,0.009278,0.000686,0.010233,0.008022,0.050653
114,0.009196,0.013667,0.006290,0.008561,0.000762,0.010267,0.002621,0.048070
115,0.009487,0.011091,0.019494,0.015290,-0.004027,-0.001998,0.015754,0.040038
116,0.004272,0.008679,-0.001756,0.001097,0.005556,0.012907,0.030180,0.062683
117,-0.000378,0.008430,0.004274,0.008921,-0.002141,0.009219,0.018089,0.077324
118,-0.019216,-0.015183,-0.018831,-0.015053,-0.012725,-0.038517,-0.167611,-0.186728
119,0.003568,0.003074,0.000996,0.001747,-0.000084,-0.000878,-0.011733,-0.008033
120,0.002821,0.004346,0.009559,0.009927,-0.006689,-0.000906,0.038279,0.055174
121,-0.004042,0.003546,-0.005941,-0.003291,-0.003381,0.001497,-0.001504,0.004621
122,0.007306,0.006626,0.002662,0.011430,0.004716,0.009032,0.007508,0.040463
123,0.022243,0.022569,0.035402,0.031796,-0.006627,0.003969,0.063599,0.079393
124,0.046660,0.069847,0.068374,0.082288,-0.003304,0.030023,0.220117,0.357467
125,0.001589,0.001637,0.005679,0.005923,0.000947,0.005110,-0.027417,0.000173
126,-0.008816,-0.003256,-0.006785,-0.000643,-0.004680,0.003827,-0.027858,-0.017953
127,-0.002133,-0.006773,-0.002929,0.000184,-0.005755,-0.001584,-0.035953,-0.046496
128,-0.005653,-0.003746,0.007452,0.007454,-0.005818,0.001711,-0.004387,0.015560
129,-0.006106,-0.004316,-0.000970,0.001572,-0.005701,0.001641,-0.022635,0.008017
130,-0.010277,-0.009774,-0.014344,-0.009393,-0.012929,-0.012300,-0.064865,-0.083477
131,-0.010402,-0.007422,0.003577,0.004203,-0.006994,-0.001208,-0.027955,-0.005265
132,-0.005384,-0.001842,-0.006641,0.001984,-0.004803,0.003284,-0.015782,-0.001510
133,0.016567,0.009278,0.007880,0.014570,0.000842,-0.004362,-0.001622,-0.017360
134,-0.004258,-0.003935,-0.009369,-0.006557,-0.005314,-0.004016,-0.043651,-0.058938
135,-0.006599,-0.006878,0.005670,0.001779,-0.001579,0.001359,-0.010111,-0.018027
136,-0.004567,-0.001950,-0.005424,-0.003257,-0.002503,-0.000028,-0.026312,-0.033035
137,-0.003933,-0.002363,0.000478,-0.000993,-0.003289,0.001038,-0.022027,-0.022497
138,-0.009438,-0.008873,-0.016984,-0.009645,-0.006930,0.000733,-0.046274,-0.077992
139,-0.008860,-0.007979,-0.026742,-0.005956,-0.006091,-0.000935,-0.061707,-0.051579
140,0.002612,0.002137,0.000644,0.003599,-0.000498,-0.002537,-0.004413,0.018798
141,0.006023,0.017032,0.017657,0.015777,-0.002803,-0.001050,0.047343,0.080931
142,0.009987,0.017864,0.003492,0.008403,-0.003678,-0.001485,0.042937,0.085350
143,0.000952,0.010848,-0.000681,0.000244,-0.001143,0.006360,0.002871,0.046565
144,0.003803,-0.000462,-0.006270,0.000628,0.001960,0.005391,-0.052549,-0.060905
145,-0.002498,-0.002379,0.008081,0.005534,0.005333,0.000667,-0.002303,-0.007597
146,-0.006404,-0.004083,-0.007071,-0.006187,-0.001358,-0.000212,-0.032494,-0.000078
147,-0.007780,0.001486,-0.003250,-0.001733,-0.006673,-0.000809,0.006151,0.031280
148,0.000774,0.000000,0.004209,-0.003862,-0.005654,0.002376,0.081737,0.067547
149,-0.006357,-0.012518,-0.011282,-0.008029,0.007714,0.005848,-0.109573,-0.122922
150,-0.003296,-0.008827,-0.000625,-0.005209,-0.003759,-0.005441,-0.056990,-0.073281
151,-0.000911,-0.007624,-0.002354,-0.004272,0.000019,-0.004679,-0.019286,-0.035919
152,0.001453,-0.000884,0.000942,0.004922,-0.000077,-0.007038,-0.056872,-0.037505
153,-0.004398,0.015027,0.022341,-0.004532,-0.016919,-0.009498,0.158618,0.139101
154,0.003300,0.008665,0.014154,0.005623,-0.006434,-0.006610,0.025984,0.052459
155,-0.004112,0.013904,0.014086,-0.001519,-0.013488,-0.007166,0.173389,0.180164
156,-0.017678,-0.006191,-0.009742,-0.003622,0.004011,0.004166,-0.166634,-0.135906
157,-0.002836,-0.005784,-0.003338,-0.006430,-0.001446,-0.000390,-0.071546,-0.071124
158,-0.010803,-0.005583,-0.009481,-0.002423,0.005052,0.003598,-0.127455,-0.103071
159,-0.006534,-0.007608,-0.009719,-0.003108,0.008602,0.006242,-0.152762,-0.143221
160,0.008389,0.006294,0.013214,0.021018,0.007159,0.002215,-0.099441,-0.080111
161,-0.010490,-0.009894,-0.008769,-0.005927,0.009495,0.004697,-0.162187,-0.121218
162,-0.012521,-0.011536,-0.004675,-0.003075,0.011199,0.008195,-0.167214,-0.121231
163,-0.008133,-0.009921,-0.004814,-0.000317,0.013669,0.009659,-0.155037,-0.118294
164,-0.002053,0.005586,-0.001443,0.029231,0.015815,0.015256,-0.150408,-0.083067
165,-0.005321,-0.009496,-0.008052,-0.003351,0.010892,0.006016,-0.157352,-0.105481
166,-0.002031,0.002782,0.003744,0.012358,0.006025,-0.000396,-0.157577,-0.084761
167,-0.009360,-0.005173,-0.010144,-0.004563,0.001863,0.000225,-0.173725,-0.135035
168,-0.003573,-0.007346,0.010018,-0.000817,0.008739,0.003611,-0.132298,-0.111529
169,0.005577,-0.012722,0.039379,-0.004582,0.009590,-0.005040,-0.065168,-0.160892
170,-0.000204,-0.008997,0.002071,-0.002871,0.007502,0.001963,-0.140645,-0.115106
171,-0.001527,-0.012982,-0.003842,-0.014645,0.002844,-0.003764,-0.153351,-0.172578
172,-0.009205,-0.019256,-0.009809,-0.015348,-0.000178,-0.001968,-0.142601,-0.167710
173,0.001839,0.004733,0.008423,0.000262,-0.002366,-0.002371,0.064390,0.057403
174,0.005838,0.003807,-0.002679,0.003195,0.013688,0.007949,-0.066460,-0.052914
175,-0.001225,-0.007720,-0.001069,0.001960,0.002060,0.001726,-0.026642,-0.031416
176,-0.000822,-0.015711,-0.016717,-0.011142,0.001517,-0.003661,-0.090345,-0.095385
177,0.005573,0.003921,-0.001316,-0.003706,-0.002562,0.001032,0.015305,0.023665
178,-0.008198,-0.012982,-0.018412,-0.011318,-0.007296,0.006487,-0.176013,-0.119333
179,0.004789,-0.019212,-0.003694,-0.009710,0.007784,0.011513,-0.139020,-0.100301
180,0.000190,-0.018197,-0.008597,-0.010431,0.008684,0.013763,-0.161171,-0.131227
181,0.008997,-0.015276,-0.008060,-0.012867,0.003133,0.016046,-0.121370,-0.102114
182,0.010085,-0.022469,-0.006969,-0.013262,0.002282,0.011613,-0.106279,-0.093029
183,0.009487,-0.020219,-0.011688,-0.015836,0.002537,0.017396,-0.089246,-0.083285
184,0.002525,-0.023939,-0.025027,-0.015907,-0.002405,0.006701,-0.174688,-0.149820
185,0.008610,-0.024813,-0.007464,-0.014378,0.002824,0.017144,-0.118318,-0.101479
186,0.002170,-0.023304,-0.017147,-0.015862,0.000691,0.017728,-0.145685,-0.113459
187,0.008964,-0.009053,0.003821,-0.005430,0.002593,0.008335,-0.107974,-0.100824
188,-0.005666,0.006315,0.032321,0.024155,-0.017203,-0.012909,0.119330,0.126223
189,0.004479,-0.022257,-0.015050,-0.019902,0.002135,0.022741,-0.166862,-0.145902
190,0.006682,-0.023160,-0.013948,-0.017644,0.002916,0.018816,-0.152115,-0.128478
191,0.007126,-0.018869,-0.010452,-0.016136,-0.001967,0.021107,-0.144626,-0.126739
192,0.003818,-0.018370,-0.014551,-0.013623,-0.001125,0.013006,-0.151736,-0.136852
193,0.006984,-0.019322,-0.001648,-0.009927,0.004142,0.014695,-0.130633,-0.116695
194,0.006419,-0.016475,-0.006385,-0.010637,-0.002051,0.011100,-0.142819,-0.120822
195,0.013078,-0.015281,0.001151,-0.011172,0.003691,0.014498,-0.117309,-0.102428
196,0.011852,-0.008137,0.007925,-0.004976,0.045250,0.012538,0.005635,-0.071036
197,-0.001916,-0.014584,-0.015571,-0.011326,0.002466,0.012690,-0.154429,-0.148133
198,0.000074,0.002015,-0.001817,-0.002273,-0.000371,0.006401,-0.095075,-0.068253
199,0.005250,-0.011132,-0.005269,-0.012587,0.000429,0.016676,-0.129797,-0.113147
200,0.011080,-0.014866,-0.003148,-0.014572,0.011804,0.017699,-0.169085,-0.160185
201,0.008457,-0.001889,0.008999,-0.001710,-0.001434,0.006426,-0.059169,-0.050173
202,0.001995,-0.000863,0.001352,-0.000646,0.007404,0.005434,-0.018310,-0.037339
203,-0.000444,0.007183,0.005494,0.008783,-0.010331,-0.007172,0.088377,0.095429
204,0.004915,0.006594,0.014976,0.001439,-0.012520,0.001489,0.011899,0.022816
205,0.001812,-0.000417,-0.000946,-0.001680,-0.000941,0.001831,-0.002451,0.014604
206,-0.008598,-0.009153,-0.024439,-0.002669,-0.021915,-0.014265,-0.081475,-0.065677
207,0.004965,-0.002211,0.011884,0.000158,-0.004333,-0.001893,0.008549,0.004242
208,0.006075,0.003777,0.025175,0.016773,0.000786,0.000360,0.063560,0.067430
209,-0.007156,-0.002613,0.016313,-0.001094,0.005941,0.011842,0.004531,-0.020092
210,0.003670,-0.005468,0.008695,-0.001530,-0.009405,-0.009962,-0.022446,-0.003847
211,0.001090,-0.000232,-0.014760,0.001298,-0.015437,-0.009642,-0.056525,-0.021840
212,-0.000064,-0.000254,0.008359,0.012171,-0.012284,-0.008815,0.023030,0.084768
213,0.018197,-0.000701,0.011644,0.006698,0.017220,-0.012498,0.164366,0.138143
214,0.000290,-0.002729,-0.000674,-0.003157,-0.002565,0.002163,-0.041759,-0.048674
215,-0.001382,-0.002926,-0.002938,-0.001060,-0.004782,-0.005273,-0.030354,-0.027621
216,-0.002395,-0.001552,0.002003,0.001794,0.024344,0.032829,0.024259,-0.007961
217,0.001185,0.000906,-0.006429,-0.005672,-0.002158,-0.002788,-0.038892,-0.042250
218,-0.001114,0.001073,0.001338,-0.002774,0.000205,-0.002275,0.002287,0.001046
219,0.001008,0.001567,0.000228,-0.003365,-0.006867,-0.004482,-0.024342,-0.057618
220,0.003700,0.001399,-0.005464,-0.001954,-0.008049,-0.003721,0.005656,-0.010639
221,0.012076,0.002202,0.019407,-0.000937,0.002900,-0.012977,0.100336,0.047166
222,0.005055,0.004250,0.003497,0.046330,0.000073,0.011297,0.013198,0.083563
223,0.012794,0.003386,0.016628,0.003700,0.032384,0.009700,0.172586,0.046258
224,0.006030,0.009894,0.008164,-0.000181,0.010721,-0.012030,0.170139,0.071145
225,0.004505,-0.003257,0.003530,0.000789,0.010427,0.025637,0.042866,0.012393
226,0.010893,0.001236,0.010967,0.006893,0.017116,0.025613,0.085341,0.066851
227,0.000200,0.009199,0.006095,0.010162,0.016096,0.033862,0.062083,0.091398
228,0.003581,0.004982,0.000377,0.007172,0.007839,0.023051,0.042898,0.087197
229,0.000630,0.008023,0.010941,0.015583,0.012458,0.031815,0.081231,0.132864
230,0.002696,0.003253,0.000429,0.009722,0.024524,0.033807,0.030342,0.065188
231,0.007971,0.008233,0.008104,0.004161,0.027153,0.028684,0.107384,0.094109
232,0.009611,0.004296,0.005944,0.004433,0.019304,0.030744,0.081153,0.086207
233,0.000211,0.004520,-0.005682,-0.000631,0.008236,0.027294,-0.017177,0.015498
234,0.004751,0.006531,0.002915,-0.000452,0.012175,0.026342,-0.006540,0.010864
235,0.004685,0.009273,0.002301,0.009026,0.007135,0.027807,0.005970,0.060386
236,-0.006689,0.009379,-0.012874,0.001219,0.007473,0.029248,-0.021299,0.037835
237,-0.001733,0.005275,-0.019210,0.000870,0.010196,0.028926,-0.028077,0.049133
238,-0.002560,0.005574,-0.007497,0.003974,0.009559,0.022043,-0.009032,0.049806
239,0.019419,0.008645,0.061210,0.011958,0.035721,0.026094,0.161591,0.036906
240,0.005562,0.001397,0.007508,-0.001624,0.010493,0.023163,0.017269,-0.012023
241,0.008471,0.005079,0.023705,0.001469,0.025038,0.027004,0.058677,-0.007086
242,-0.000100,0.010488,0.014784,0.003025,0.006627,-0.004089,0.039566,0.050383
243,-0.008037,-0.005402,0.015795,0.002395,0.001554,-0.009149,-0.009777,-0.013486
244,-0.018713,0.007674,0.001720,0.008778,-0.013922,-0.017809,-0.055567,-0.041030
245,-0.026883,0.007665,0.000912,0.002055,-0.016150,-0.019472,-0.034580,-0.028744
246,-0.049412,0.008560,-0.007815,-0.001331,-0.015423,-0.020228,-0.049433,-0.003327
247,-0.069631,0.001901,-0.022918,-0.025687,-0.017171,-0.026113,-0.074437,-0.073360
248,-0.029523,0.005695,-0.001232,-0.007363,-0.004753,-0.005115,-0.037032,-0.036661
249,0.009029,0.009719,-0.006966,-0.002882,0.007527,0.009473,0.012349,0.012073
250,-0.044499,0.004498,0.008392,0.001165,-0.002104,-0.008823,-0.008331,-0.008659
251,-0.044106,0.000808,-0.009855,-0.009542,-0.006974,-0.014796,-0.028653,-0.020210
252,-0.011735,0.005629,-0.006907,-0.001238,0.003034,-0.003616,0.020954,-0.004872
253,-0.026811,0.013581,0.016907,0.004818,0.006002,-0.010796,0.045662,0.011251
254,0.014760,0.005600,-0.000385,0.003114,0.000943,-0.000583,-0.011600,-0.018052
255,0.047454,0.024105,0.005037,0.023132,-0.011509,-0.009315,-0.019113,0.017499
256,-0.004671,-0.001666,0.005127,-0.005525,0.000605,-0.002852,0.030010,-0.019329
257,0.028455,0.004502,-0.002358,-0.006773,-0.001513,-0.003649,-0.008015,-0.007418
258,-0.011235,0.002303,-0.003496,-0.012152,-0.000389,-0.000009,-0.016139,-0.012465
259,0.038776,0.012817,0.013634,0.001939,0.002541,0.001322,0.011884,-0.004422
260,0.039092,0.006914,-0.005679,-0.028007,0.000512,-0.000822,0.017983,-0.030182
261,0.011751,0.001977,-0.000315,-0.022596,-0.003008,-0.001068,-0.013967,-0.047358
262,0.053178,0.007585,0.009285,-0.021442,0.002204,0.002241,0.005328,-0.036894
263,0.064041,0.018877,-0.002378,-0.025513,0.000203,-0.001032,0.006104,-0.045030
264,-0.013877,0.003606,-0.006187,-0.027675,0.002912,0.000588,0.041607,-0.037209
265,0.025447,-0.001935,-0.008286,-0.029471,-0.001946,-0.003950,-0.029140,-0.044447
266,-0.028444,0.027332,0.013696,-0.016751,0.019930,0.004415,0.053945,0.032628
267,0.010867,0.005302,0.000218,-0.017687,0.001172,-0.000760,0.006801,-0.030559
268,-0.001450,0.001065,-0.014542,-0.021454,-0.006934,-0.009887,-0.014846,-0.031632
269,-0.023470,0.001550,0.004824,0.019269,-0.003513,-0.007789,0.016413,0.057333
270,-0.022259,-0.001716,-0.006648,-0.027262,-0.001417,-0.010940,0.004398,-0.032624
271,-0.040065,0.008071,0.001425,0.003738,-0.005871,-0.009600,-0.019794,0.054283
272,0.007016,-0.002524,0.000846,-0.005891,0.000778,-0.000542,0.006115,0.019622
273,-0.015422,-0.002458,-0.000413,-0.001555,0.002329,0.000721,-0.011556,-0.015045
274,-0.025300,0.008875,0.006468,-0.012793,0.001779,0.004366,0.014874,-0.014126
275,0.010316,0.009017,0.009366,0.012383,-0.004520,-0.003566,0.041216,0.031689
276,-0.035270,0.001617,-0.003483,-0.014578,-0.001815,-0.004222,-0.014483,-0.037023
277,-0.002183,-0.000028,0.008081,0.000651,0.004974,0.003283,0.035444,0.010483
278,-0.050502,-0.000553,-0.014674,-0.025181,0.001364,-0.002997,-0.019718,-0.042573
279,-0.030370,-0.002249,0.072363,-0.030558,0.018830,0.002496,0.079156,-0.049204
280,-0.048574,-0.001196,-0.004292,-0.014821,0.003038,0.002933,-0.015274,-0.031558
281,-0.020387,0.001105,0.000086,-0.003857,0.003509,0.001956,0.004145,0.006114
282,-0.005455,0.006814,0.008735,0.009003,0.004075,0.006630,0.020166,0.031365
283,0.000459,0.004475,0.002459,-0.005275,0.000784,-0.001246,0.006940,-0.006477
284,-0.009990,0.001242,-0.000656,-0.008814,-0.000721,0.001368,0.013518,0.008679
285,0.060541,0.143291,0.073866,0.071259,0.079343,0.073897,0.572171,0.467028
286,-0.002378,-0.000195,0.001818,-0.002391,0.000593,0.002135,0.006267,-0.009971
287,-0.029831,0.003897,-0.002507,-0.005745,-0.001831,0.000837,-0.005592,-0.010670
288,0.026018,0.004999,0.020573,0.026014,0.002687,-0.002039,0.023094,0.018640
289,-0.035675,0.000676,-0.017966,-0.030011,-0.000385,-0.003907,-0.016058,-0.026750
290,-0.004536,0.002318,-0.009531,-0.011708,-0.001965,0.002504,-0.019057,-0.015027
291,0.003140,0.005630,-0.009784,-0.032620,-0.003916,-0.001394,-0.013844,-0.014911
292,-0.041828,0.002277,-0.019732,-0.012532,-0.004375,0.003545,0.004757,0.004021
293,-0.028705,0.007167,-0.017787,-0.019787,-0.004406,-0.002113,-0.028923,-0.013822
294,-0.023009,0.005646,-0.014057,-0.014552,-0.001254,0.004092,-0.008940,-0.001930
295,-0.013463,0.001487,-0.001039,0.004455,0.000883,0.004311,0.024029,0.029264
296,-0.008306,0.004564,0.006471,0.010865,-0.000423,-0.001710,0.037187,0.014046
297,0.043352,0.026581,0.013480,0.023436,0.000673,-0.004832,0.006517,0.016972
298,0.035265,0.022271,-0.006704,-0.001447,-0.004546,-0.001208,-0.021704,-0.008018
299,0.035310,0.012486,0.016463,0.011846,0.001578,0.000568,0.024240,0.010885
300,0.069208,0.060219,-0.000829,0.018587,-0.004092,-0.010579,-0.002760,0.011189
301,0.015501,0.014874,-0.017499,-0.015229,-0.000884,0.002203,-0.023086,-0.003283
302,0.025085,0.011037,-0.002011,-0.003124,-0.000474,0.002965,-0.002142,0.011887
303,0.067572,0.049164,0.008433,-0.000260,0.000253,-0.000448,0.013937,0.011332
304,0.037045,0.017578,0.007569,0.012059,-0.002060,-0.000940,0.022704,0.030032
305,0.037641,0.029375,-0.005339,-0.026739,-0.005295,-0.001414,-0.023824,-0.015503
306,0.005976,0.002704,-0.000498,-0.007411,0.000719,0.002501,-0.029346,-0.009722
307,0.042438,0.023833,0.012118,-0.006666,0.000308,0.001678,0.005967,0.008130
308,0.072258,0.060048,0.038270,0.042440,0.007164,0.016028,0.090333,0.123157
309,0.043677,0.029462,0.011402,-0.000668,-0.001076,-0.002961,0.028209,-0.004708
310,-0.022124,-0.008354,-0.025926,-0.015087,0.000437,-0.009797,0.033078,-0.010439
311,0.024491,0.006172,0.027425,-0.023246,-0.001587,-0.004010,-0.008827,-0.009479
312,0.005611,0.004762,0.001584,-0.015930,-0.002086,-0.001243,0.012111,0.000585
313,-0.008594,0.000304,-0.008931,-0.024367,-0.001777,-0.009859,0.026230,-0.008607
314,0.001815,0.006584,-0.009208,-0.013746,0.000428,-0.003274,-0.018712,-0.003635
315,-0.045065,-0.003469,-0.009772,-0.038819,-0.002390,-0.009830,0.002433,0.001572
316,-0.038167,-0.002798,-0.011790,-0.023500,0.001798,-0.000146,0.034190,-0.005513
317,0.023751,0.003645,0.009738,-0.008606,0.000322,-0.005651,0.021569,0.012955
318,0.063770,0.043682,0.016426,0.005250,-0.001208,0.003726,0.014876,0.000815
319,0.012564,0.013452,-0.000171,-0.011473,-0.008407,-0.012932,-0.010625,-0.009297
320,-0.009234,0.004694,-0.029351,-0.036075,-0.007654,-0.021662,-0.056419,-0.030143
321,0.061285,0.021856,0.059457,0.065440,0.001857,0.000957,0.052224,0.068374
322,-0.035006,-0.004302,0.010410,0.033041,-0.001691,-0.007236,0.001672,0.007370
323,-0.012187,0.008257,0.022688,0.059770,-0.000087,0.005410,0.015430,0.035616
324,-0.049125,-0.003196,-0.027043,-0.019581,-0.012960,-0.026287,-0.106726,-0.077367
325,-0.040328,0.000658,-0.013599,-0.017637,0.005647,0.002496,-0.020438,-0.005035
326,-0.029040,-0.002455,0.024105,0.001022,-0.006746,-0.007557,-0.033175,-0.035496
327,-0.037095,0.002734,0.002001,-0.029949,0.001117,0.002135,-0.031027,-0.029798
328,-0.035371,-0.000560,-0.018527,-0.010050,-0.002800,-0.005775,-0.020036,-0.015481
329,-0.032090,-0.002040,0.003991,0.009844,-0.000464,-0.006528,0.002023,-0.017333
330,-0.040183,0.000280,-0.034612,-0.017912,-0.001564,-0.005960,-0.044022,-0.029031
331,-0.022606,-0.000127,-0.015199,-0.002294,-0.002255,-0.005600,0.005863,0.015054
332,-0.025383,0.004068,-0.015293,-0.016931,0.000436,-0.002714,-0.005776,-0.010493
333,-0.045581,-0.008676,-0.026159,-0.035346,0.000187,-0.006290,-0.038836,-0.025578
334,0.000137,-0.001234,0.005498,-0.024695,0.003694,0.005966,0.005975,-0.005248
335,0.082891,0.101961,0.024665,0.048618,0.025308,0.048002,0.218656,0.169444
336,-0.017959,-0.002193,-0.010170,-0.032788,0.003762,0.006904,-0.015166,-0.011554
337,0.033851,0.002333,-0.009284,-0.006100,-0.001718,0.004557,0.023397,0.026687
338,-0.001678,-0.007130,-0.018460,-0.021927,-0.006594,-0.008493,-0.024845,0.010938
339,-0.012785,-0.010532,-0.012522,-0.040783,-0.003799,-0.007502,-0.007751,-0.003141
340,-0.016790,-0.005941,-0.007537,-0.021958,0.001113,0.004862,-0.021182,-0.007179
341,-0.013431,-0.008736,0.000935,-0.035885,-0.003211,-0.008417,-0.029199,-0.017765
342,-0.019765,-0.011368,0.063046,-0.031565,0.002343,-0.006066,0.026876,-0.026331
343,0.010043,0.005307,-0.034017,0.015649,-0.003736,-0.004336,-0.008235,0.019720
344,0.017969,0.004913,0.020772,-0.015802,0.005409,0.012388,0.066669,0.019403
345,0.016001,0.036815,0.005423,0.009100,0.009298,0.022385,0.081203,0.059764
346,0.013989,0.003021,0.011816,0.050553,0.001636,0.006502,0.005119,0.017121
347,0.031938,0.008983,0.022188,0.021159,0.002892,0.009524,0.012989,0.007632
348,0.031327,0.004282,0.013100,0.001040,0.005856,0.004920,0.050714,0.025512
349,-0.005377,-0.002497,0.018744,-0.008439,0.006462,0.007726,-0.003049,-0.006547
350,-0.008759,-0.004546,0.021260,-0.005855,0.006679,0.010039,0.014054,0.033810
351,-0.016326,0.002971,0.004560,0.024424,0.010399,0.021791,0.006838,-0.001827
352,-0.026903,-0.000851,0.007483,-0.004075,0.002022,0.002507,0.027573,-0.012587
353,0.011734,0.025896,0.011598,0.020753,0.009140,0.018316,0.050555,0.023519
354,-0.012775,0.008940,0.006906,0.015444,0.005640,0.006835,0.003362,-0.007516
355,0.025072,0.023745,0.039559,0.054057,0.015941,0.028258,0.085424,0.057560
356,-0.003170,0.011074,0.028303,0.039706,0.004847,0.021879,0.091027,0.051347
357,0.011362,0.007229,0.042082,0.045100,0.008706,0.020368,0.036636,0.024847
358,-0.000299,0.003841,0.018038,0.029433,0.005481,0.018717,0.004639,0.011828
359,0.014335,0.012097,0.025912,0.043697,0.005340,0.019915,0.078999,0.060090
360,-0.001564,0.007339,0.007877,-0.020314,-0.002456,0.005393,0.010951,-0.003856
361,0.002101,0.008778,0.028152,0.017676,0.007686,0.015973,0.090464,0.038976
362,-0.006435,0.000509,-0.010110,-0.007019,-0.006154,-0.001936,-0.009669,-0.001421
363,0.005541,0.006282,0.001558,-0.000496,-0.002153,-0.005772,-0.002773,0.008755
364,0.008888,-0.002353,0.025285,0.041037,0.005248,-0.006673,-0.018683,-0.030188
365,-0.004372,-0.003215,-0.025079,-0.075070,-0.007460,-0.013231,-0.029852,-0.040132
366,0.003182,0.004792,0.005420,0.024460,-0.001385,0.004318,-0.022938,0.000800
367,0.004356,0.003759,-0.008118,0.007901,-0.003832,0.002984,-0.008602,0.003225
368,-0.003933,-0.001182,-0.005863,-0.001167,-0.003438,0.005517,-0.014621,0.000422
369,0.010366,0.006786,0.013565,0.009773,0.001696,0.006659,0.038751,0.019553
370,0.031026,0.010678,0.039672,0.059942,-0.002214,-0.010236,0.125243,0.073751
371,0.019930,0.025464,-0.000377,-0.008218,-0.002187,0.002119,0.048270,0.056708
372,-0.006897,0.000171,-0.013412,-0.008940,0.004183,0.002574,-0.032947,-0.016095
373,0.004863,0.003058,-0.016245,-0.026976,-0.001333,0.002033,-0.023643,-0.001001
374,0.006623,0.007681,-0.003821,-0.010606,-0.000818,0.005740,0.043360,0.038430
375,-0.030873,-0.005741,-0.023457,-0.028884,0.005345,0.016185,-0.013771,-0.018095
376,-0.023580,-0.000996,-0.013127,-0.014623,0.000878,0.010538,0.007203,-0.007364
377,-0.034996,-0.007924,-0.037189,-0.049610,0.002673,0.011958,-0.030651,-0.035103
378,0.004400,0.007537,-0.000166,0.030880,0.001936,-0.004164,-0.031318,-0.005592
379,0.007589,0.007437,0.009892,0.007697,-0.003858,-0.002051,-0.019177,-0.001892
380,0.011260,0.038074,0.043831,0.092119,0.002351,0.004546,0.070131,0.111376
381,0.012195,0.003288,0.024674,-0.013732,-0.008266,-0.012715,0.002247,-0.000966
382,-0.003320,-0.001503,0.003507,-0.004591,-0.002540,0.002281,0.021819,0.006188
383,0.000202,0.007921,0.011252,-0.002643,-0.009589,-0.006261,-0.001129,0.002339
384,-0.000661,0.002596,0.002393,0.003999,-0.004079,0.003831,0.027802,0.028328
385,-0.011702,-0.000700,0.005754,0.007046,-0.001697,0.000906,0.022929,0.013176
386,-0.006972,0.006857,0.032399,0.048172,-0.002393,-0.004079,0.060389,0.050950
387,0.004929,0.008384,0.043628,0.005045,-0.000227,0.006032,0.034726,0.011676
388,-0.004225,0.005294,0.000224,0.000965,0.012197,0.018681,0.030484,0.031621
389,0.031448,0.070270,0.038553,0.046880,-0.006961,-0.012136,0.018497,0.044195
390,0.045953,0.035139,0.076242,0.066989,0.010653,0.012567,0.103464,0.082422
391,-0.001202,-0.007265,-0.054145,-0.098077,-0.026265,-0.034015,-0.117424,-0.111839
392,0.002415,0.008111,-0.003766,-0.006983,-0.010495,-0.008170,-0.007011,0.003837
393,-0.011144,-0.003926,-0.013046,-0.015248,-0.008165,-0.007226,-0.029402,-0.016581
394,-0.007695,-0.001358,-0.011479,-0.000587,-0.004667,-0.010621,-0.038302,-0.022804
395,0.007389,0.027604,0.023971,0.015100,-0.001284,-0.014213,0.034728,0.021769
396,0.012384,0.016103,-0.003903,0.014732,-0.006079,0.000648,0.011428,0.029016
397,0.002843,0.011240,-0.014483,0.002959,-0.001238,-0.005879,-0.011398,0.013843
398,-0.000945,0.006469,-0.018278,-0.051035,-0.008540,-0.009689,-0.023840,-0.033484
399,-0.009193,0.013383,-0.026716,-0.008874,-0.002114,-0.000763,0.017006,0.011795
400,0.024543,0.038586,0.010723,0.024406,-0.012438,-0.004536,0.053433,0.032981
401,0.019300,0.057669,0.001932,0.009068,-0.006848,-0.005501,-0.000452,0.047840
402,0.059322,0.107987,0.036455,0.057590,0.012817,0.008242,0.137064,0.209897
403,0.045519,0.067250,0.015400,0.057705,-0.008481,-0.003912,-0.011289,0.034158
404,0.008943,0.025403,0.028766,0.006960,-0.001774,0.004174,0.003204,0.047855
405,0.003397,0.029727,-0.003165,0.012491,-0.001568,0.000270,0.010159,0.055445
406,0.023212,0.031456,0.075191,0.001076,0.009221,0.006894,0.105907,0.086384
407,0.012196,0.053840,-0.000642,0.029002,-0.002621,0.001611,0.058512,0.098594
408,-0.000391,-0.005477,0.022964,-0.043069,0.007601,-0.006285,0.011998,-0.103540
409,-0.001016,0.023567,0.010075,0.012813,0.003244,0.005547,0.082690,0.098458
410,-0.014520,0.012159,-0.009962,-0.000196,0.002457,-0.001075,-0.005416,0.018153
411,-0.027001,-0.000030,-0.022524,-0.012589,-0.001488,-0.000949,-0.032573,0.001041
412,0.004844,0.023635,-0.015349,-0.003525,0.003894,0.010453,0.018966,0.051127
413,-0.014239,0.011685,-0.037561,-0.010631,0.002138,0.007613,-0.000747,0.020525
414,0.010428,0.003945,0.021838,-0.015753,0.014115,0.006135,0.010272,0.017450
415,-0.018655,-0.003104,-0.034520,-0.006232,-0.002964,-0.003989,-0.041414,-0.048183
416,-0.010630,0.002802,-0.015055,-0.001609,0.002080,0.001638,0.002864,0.022360
417,-0.013168,-0.005022,-0.018797,-0.011693,-0.001429,-0.004046,-0.044415,-0.045083
418,0.004303,0.035887,0.025396,0.006079,-0.003861,-0.000325,0.120269,0.153979
419,0.019862,0.056738,-0.025814,0.005728,-0.004606,-0.003600,-0.058635,0.008587
420,-0.005466,-0.007271,0.006119,-0.015195,0.010479,0.002410,0.053477,0.012323
421,0.022789,0.018784,0.000886,-0.004103,0.000063,-0.000431,0.061798,0.031594
422,0.012015,0.004560,0.030520,0.001858,0.011107,0.002624,0.153592,0.068692
423,0.005583,0.024490,0.006574,0.008143,0.001993,0.002697,0.027628,0.060483
424,-0.012825,-0.006365,-0.006547,-0.003285,0.003027,0.000405,0.018589,-0.023574
425,-0.054200,-0.018152,-0.036809,-0.023681,0.017720,0.017688,-0.055119,-0.056861
426,-0.042440,-0.021145,-0.005657,-0.028481,0.016687,0.009080,-0.013963,-0.044085
427,-0.031195,-0.009473,-0.005006,-0.008879,0.004766,-0.000503,-0.047466,-0.046415
428,0.000152,-0.004294,0.003216,-0.008113,0.003968,-0.001279,0.004576,-0.005526
429,-0.059558,-0.021622,-0.050737,-0.030689,0.007309,0.005650,-0.094314,-0.050293
430,-0.054387,-0.023588,-0.034854,-0.026201,0.006913,0.004838,-0.028246,-0.045423
431,-0.057886,-0.018541,-0.059957,-0.021783,0.011499,0.013683,-0.064447,-0.035797
432,-0.029595,-0.018929,0.004152,-0.028205,0.019014,0.004645,0.019995,-0.059420
433,-0.041025,-0.019305,-0.016704,-0.025986,0.009723,0.004398,-0.065220,-0.057992
434,-0.037802,-0.014022,-0.018175,-0.025152,0.012543,0.007218,-0.050784,-0.060642
435,-0.008593,-0.014978,0.011563,-0.021968,0.013804,0.003957,-0.007597,-0.053228
436,-0.044401,-0.008063,0.005499,0.050065,0.003671,-0.000889,-0.039187,-0.028008
437,-0.050880,-0.016153,-0.042501,-0.037593,0.013894,0.014190,-0.086298,-0.081624
438,-0.044367,-0.013689,-0.001159,0.013403,0.030952,0.011840,-0.065710,-0.068647
439,-0.054651,-0.021923,-0.000766,0.022189,0.003795,-0.002447,-0.066480,-0.023263
440,-0.029358,-0.019111,0.011298,-0.009204,0.021760,0.013572,-0.005505,-0.048816
441,-0.051472,-0.018433,-0.019374,-0.027215,0.010505,0.003966,-0.068114,-0.059318
442,-0.029841,-0.018134,0.030704,-0.017204,0.016599,0.004839,-0.094168,-0.089485
443,-0.051247,-0.020087,-0.014401,-0.031324,0.011513,0.004842,-0.084963,-0.059748
444,-0.022194,-0.020031,0.080225,-0.028403,0.013979,0.005153,0.014788,-0.097147
445,-0.053406,-0.009977,-0.027215,0.002116,0.006333,0.008285,-0.069497,-0.057717
446,0.086659,0.179446,0.024127,0.065810,-0.017599,-0.011914,0.155581,0.180721
447,-0.009501,-0.004153,-0.006166,0.001553,-0.002840,-0.002345,0.007274,-0.003355
448,0.004588,-0.018501,0.069747,-0.042473,0.040322,0.009224,0.179398,-0.050071
449,-0.019485,0.003125,0.006718,0.022274,0.013456,0.008862,-0.042093,0.004713
450,-0.008724,-0.004666,0.002454,-0.001698,0.011411,0.006401,-0.036075,-0.015756
451,0.000774,0.002281,0.000419,0.019510,-0.001234,-0.000037,-0.001193,0.010157
452,0.049379,0.016749,0.059896,-0.020604,0.005069,-0.005677,0.085566,-0.021351
453,-0.030588,-0.015284,-0.019813,-0.020235,0.001911,-0.003322,-0.076494,-0.070137
454,-0.013696,-0.011899,-0.027815,-0.011604,-0.002892,-0.001628,-0.051441,-0.024250
455,-0.030353,-0.018294,-0.037690,-0.033978,0.001849,0.000686,-0.040662,-0.052999
456,0.023543,-0.001129,0.063618,-0.028479,0.015110,0.004989,0.112531,-0.042892
457,-0.018558,-0.003091,-0.000584,-0.016265,-0.000771,0.004793,-0.003203,0.015946
458,-0.034265,-0.006277,-0.030290,-0.023429,-0.003851,-0.005706,-0.068226,-0.055012
459,0.039661,0.006212,0.055817,-0.009644,0.001083,0.001940,0.076561,-0.011475
460,-0.020885,0.008078,-0.025679,0.007119,-0.001666,-0.004665,0.001298,0.028627
461,-0.029689,-0.002661,-0.018341,-0.036658,0.003133,-0.002356,-0.006340,-0.066118
462,-0.005153,-0.004810,-0.006309,0.003884,0.004919,0.006375,0.048364,0.006681
463,0.006441,0.023328,0.026006,0.033430,0.000471,0.002307,0.078221,0.042454
464,0.140201,0.214711,0.223106,0.288638,0.015815,0.027136,0.345673,0.389663
465,-0.040222,-0.005224,-0.052255,-0.013837,0.005399,0.005903,-0.037582,-0.074604
466,0.029231,0.063797,0.055787,0.121823,0.031820,0.030578,0.281683,0.324266
467,0.007783,0.025155,0.104018,0.119549,-0.002576,-0.000357,0.111917,0.166818
468,-0.012150,0.015881,0.071821,0.062570,0.001166,0.000713,0.092844,0.132051
469,-0.049736,-0.001734,-0.042622,-0.072531,-0.001963,-0.008890,-0.103536,-0.093691
470,-0.044099,-0.008673,-0.027979,-0.049580,0.000664,-0.002633,-0.094701,-0.110107
471,0.016107,-0.005977,0.018890,-0.042377,0.000762,-0.000537,0.039250,-0.028216
472,-0.036320,0.002529,-0.031000,-0.001206,0.001219,0.001137,-0.038161,0.010099
473,0.041417,0.003778,0.075460,-0.002738,0.009775,0.011969,0.184947,0.058959
474,-0.062221,-0.009822,-0.032777,-0.026361,0.000457,0.003311,-0.106119,-0.045646
475,-0.055315,-0.007189,-0.033472,-0.009211,0.004901,0.003415,-0.036529,-0.021086
476,-0.049737,-0.005513,-0.048481,-0.016638,0.000666,0.003121,-0.053062,-0.023287
477,-0.014144,-0.008350,-0.004559,-0.037536,0.001915,0.003334,-0.041866,-0.063072
478,0.000999,0.005979,0.007922,-0.036042,0.005087,0.004618,-0.079820,-0.068543
479,-0.017956,0.005161,-0.015831,-0.014352,0.005126,0.006529,-0.056848,-0.060098
480,0.006147,0.003687,0.016130,-0.038433,0.000571,-0.002175,-0.053339,-0.081869
481,-0.009111,0.030642,-0.009722,0.091117,0.000660,0.009427,-0.035231,0.087130
482,-0.033826,-0.006844,-0.031421,-0.032464,0.004044,0.002404,-0.082278,-0.072396
483,-0.025576,0.007538,-0.015982,0.003829,0.022259,0.015730,-0.010621,-0.000249
484,-0.037826,-0.004135,-0.010494,-0.024515,0.008404,0.004164,-0.029248,-0.048948
485,-0.039590,-0.008410,-0.019731,-0.054727,0.005120,0.000294,-0.109421,-0.079072
486,-0.018487,0.000025,0.031152,-0.000029,0.016999,0.019445,-0.049215,-0.048599
487,-0.035818,-0.008362,-0.018683,-0.042166,0.006282,0.003263,-0.047475,-0.040090
488,-0.019253,0.000789,-0.024037,-0.036111,0.004572,0.005220,-0.042879,-0.044893
489,0.004057,0.012577,0.012444,0.008399,0.004313,0.004909,0.032405,0.035880
490,0.018262,0.031683,0.070233,0.064195,-0.000407,-0.003405,0.085463,0.105388
491,-0.020830,-0.002566,-0.007028,-0.041111,0.003470,-0.003315,-0.008747,-0.050537
492,-0.025935,-0.010117,-0.028723,-0.037600,0.004956,0.001491,-0.030473,-0.081401
493,0.001509,-0.002585,0.003229,-0.021215,0.001956,0.002047,0.018464,0.026428
494,-0.011088,-0.002968,0.007154,-0.012341,-0.000541,0.002631,-0.070084,-0.002160
495,-0.006378,-0.001153,-0.009593,-0.011275,-0.003213,0.001722,-0.022153,0.013290
496,-0.004745,0.001673,-0.008128,-0.015481,-0.001124,0.003717,-0.028519,0.002482
497,0.029527,0.032934,0.038383,0.001317,-0.006900,-0.008465,0.037537,-0.047550
498,-0.001893,-0.005525,-0.001110,-0.024241,0.000729,-0.000551,0.004061,-0.014815
499,-0.019810,-0.003998,-0.044768,-0.065168,-0.006997,-0.005907,-0.074768,-0.073557
500,0.012100,0.010532,0.018991,0.005745,-0.000492,0.003570,0.000281,0.026795
501,0.009376,0.017582,0.011109,0.004148,-0.000593,0.001472,0.005895,0.045389
502,0.006287,0.005218,0.005298,-0.006172,-0.002469,0.000021,-0.001370,0.027710
503,-0.018905,-0.005532,-0.036303,-0.050155,-0.001825,-0.012945,-0.048124,-0.121219
504,-0.000833,0.003059,-0.016953,-0.019195,-0.006233,-0.007715,-0.020601,-0.005256
505,-0.007993,-0.011918,-0.016726,-0.051702,-0.013492,-0.026436,-0.027130,-0.144096
506,0.025025,0.037447,0.013460,-0.000537,-0.007992,-0.009266,0.040608,0.030867
507,0.008293,-0.002075,-0.000776,-0.015468,-0.003725,-0.002522,-0.000839,-0.001564
508,-0.009892,0.010937,0.005024,-0.013605,0.010186,0.015822,0.066410,0.068019
509,0.000046,0.018525,0.021847,0.014219,0.008378,0.010145,0.047195,0.047514
510,-0.013664,-0.003655,-0.034283,-0.035903,0.002426,0.001976,-0.028483,-0.041452
511,0.003994,0.001526,-0.002966,0.004426,0.005325,0.007526,0.041317,0.012651
512,-0.005945,-0.011200,-0.030590,-0.035208,0.001633,-0.001257,-0.030634,-0.091882
513,0.000206,0.000508,-0.012682,-0.009876,-0.001320,0.000132,0.005762,-0.003218
514,-0.013283,-0.003900,-0.028654,-0.043673,0.001921,0.008904,-0.007876,-0.038653
515,-0.006583,0.001199,-0.001298,-0.017743,-0.007215,0.002377,0.014811,0.041777
516,-0.000030,0.003709,-0.019469,-0.010362,-0.007369,-0.001069,-0.002846,0.029815
517,-0.010546,-0.001089,0.023842,0.025612,-0.003644,-0.003710,0.028038,0.036002
518,0.002095,0.001422,-0.007003,-0.004983,-0.007164,-0.004105,-0.015164,0.010048
519,-0.009543,0.001413,0.031493,0.030507,0.001241,-0.006943,0.070787,0.085587
520,0.011060,0.008193,0.014272,0.010678,-0.006444,-0.002071,0.039112,0.039750
521,0.001271,0.010043,0.030715,0.044540,0.004235,0.007325,0.104765,0.093799
522,-0.013469,-0.001299,-0.013175,-0.022878,0.002738,-0.002138,-0.030879,-0.062497
523,-0.012638,-0.003158,-0.006535,-0.015468,0.000901,-0.000015,-0.051304,-0.030272
524,-0.016308,-0.008712,-0.013783,-0.045568,0.004277,-0.001072,-0.076059,-0.089234
525,-0.003100,-0.006008,-0.019305,-0.061000,0.002347,0.008785,-0.066172,-0.101533
526,-0.025209,-0.009385,-0.032982,-0.085323,-0.002865,-0.004333,-0.114908,-0.159411
527,-0.018731,-0.006545,-0.033624,-0.059999,-0.004156,0.002609,-0.033924,-0.102501
528,-0.027287,-0.013575,-0.044476,-0.091838,-0.004483,-0.002499,-0.112051,-0.160432
529,-0.024325,-0.014790,-0.033536,-0.073166,-0.004472,-0.007032,-0.101035,-0.139155
530,-0.035851,-0.015630,-0.047761,-0.094147,-0.006479,-0.000791,-0.092907,-0.156600
531,-0.036729,-0.016239,-0.060046,-0.105154,-0.003601,-0.005024,-0.148523,-0.192973
532,-0.010399,-0.011169,-0.028912,-0.090381,0.002236,0.003974,-0.089797,-0.147858
533,-0.020613,-0.011878,-0.035484,-0.097123,-0.000340,0.002343,-0.091841,-0.171654
534,0.017345,0.036079,0.054331,0.072465,0.007632,0.013778,0.198571,0.253766
535,-0.021784,-0.002517,-0.047846,-0.051876,0.008678,-0.003405,-0.130422,-0.133925
536,-0.026768,-0.008795,-0.051252,-0.097980,-0.003828,-0.001500,-0.108763,-0.170433
537,-0.017415,-0.011130,-0.034093,-0.073364,-0.001345,-0.006140,-0.116341,-0.155711
538,-0.035271,-0.011562,-0.054134,-0.097501,-0.005801,-0.006491,-0.116083,-0.165336
539,-0.025311,-0.012016,-0.053375,-0.093421,-0.000284,-0.005722,-0.074267,-0.173412
540,-0.038572,-0.015513,-0.057930,-0.105453,0.002551,-0.004080,-0.134592,-0.184749
541,-0.014078,-0.007453,-0.040819,-0.064586,-0.001894,-0.002375,-0.081712,-0.103961
542,-0.025648,-0.011197,-0.030694,-0.075472,-0.002232,-0.002005,-0.076652,-0.146036
543,-0.005925,0.006110,-0.025313,-0.025410,0.004355,-0.004987,-0.072333,-0.078574
544,-0.015296,-0.007710,-0.028758,-0.066937,-0.001197,-0.007476,-0.044224,-0.149105
545,-0.015463,-0.014653,-0.052940,-0.104010,0.001146,-0.010646,-0.049954,-0.193583
546,0.058445,-0.011306,0.059818,-0.084815,0.030035,0.008184,0.233359,-0.191318
547,-0.033687,-0.011460,-0.057614,-0.090387,-0.000332,-0.001846,-0.125219,-0.181532
548,-0.015842,0.002988,-0.034724,-0.025379,0.000256,0.006786,-0.076356,-0.090147
549,0.008715,0.020264,0.009421,0.033312,0.006924,0.015490,0.151692,0.187372
550,-0.018936,-0.010876,-0.025230,-0.061650,0.002919,-0.003980,-0.092222,-0.151093
551,-0.015917,-0.009533,-0.033376,-0.054850,-0.002106,-0.003270,-0.116826,-0.126288
552,0.004194,0.008228,-0.006283,0.010318,0.000044,0.000851,0.017006,0.062119
553,-0.016744,-0.003079,-0.026883,-0.040015,0.004419,-0.002509,-0.071814,-0.098876
554,0.001695,-0.006417,-0.008765,-0.023422,0.003517,-0.000696,-0.065240,-0.075997
555,0.000250,-0.000121,-0.001476,-0.002716,0.007127,0.004547,0.001411,0.009240
556,-0.006232,-0.005082,0.001428,-0.009844,-0.002045,-0.006755,0.033868,0.002441
557,-0.000410,0.006704,0.015413,0.033187,0.003148,0.001580,0.051379,0.090490
558,-0.001930,-0.004664,-0.023366,-0.035844,0.000767,0.000531,-0.020031,-0.013221
559,0.000025,0.002821,0.029305,0.027729,0.000391,0.002045,0.067402,0.093723
560,-0.003141,0.001256,0.015445,0.028777,0.004642,0.012745,0.001521,0.030755
561,-0.002474,0.002829,-0.009973,-0.007169,0.008188,0.010869,-0.000860,-0.001113
562,0.004592,0.005698,-0.001741,0.004049,0.013885,0.015234,0.059433,0.047682
563,-0.000262,0.003090,-0.010781,-0.019651,0.008798,0.009379,0.024491,-0.023972
564,-0.009119,0.000162,-0.029764,-0.056854,-0.000948,-0.005789,-0.073359,-0.114876
565,-0.006369,-0.003528,-0.035379,-0.045076,-0.007218,-0.015109,-0.096780,-0.120224
566,-0.000997,-0.000325,-0.016950,-0.032062,0.004630,0.002901,-0.007933,-0.047333
567,-0.000426,-0.001912,-0.001292,-0.039242,0.003949,-0.012412,-0.015776,-0.038950
568,-0.001390,0.001054,0.002961,0.005134,-0.000648,-0.001387,-0.013362,-0.010473
569,0.002850,0.002168,-0.000774,-0.004370,0.001595,0.003144,-0.011322,-0.002089
570,-0.000341,0.007232,-0.000514,-0.002425,0.007520,-0.000844,0.099126,0.077975
571,-0.003073,0.006934,-0.006842,-0.006661,-0.000923,-0.012912,0.017814,0.018572
572,0.001562,-0.001824,-0.011283,-0.040180,0.014604,-0.012963,0.018709,-0.021513
573,0.015548,-0.009770,-0.016630,-0.038081,-0.028047,-0.045603,-0.113346,-0.174464
574,-0.019254,-0.011276,-0.053492,-0.011046,-0.007648,-0.007712,-0.173171,-0.069815
575,0.005473,-0.007478,-0.015594,-0.001711,0.004035,-0.000307,0.019690,-0.041635
576,-0.015306,-0.008034,-0.069482,-0.033536,-0.010307,-0.030548,-0.167089,-0.112597
577,-0.019114,-0.007720,-0.047653,-0.003968,-0.014548,-0.010768,-0.173318,-0.047093
578,-0.021822,-0.009699,-0.050295,0.006168,-0.008847,-0.002134,-0.142132,-0.007009
579,-0.021576,-0.009858,-0.056461,-0.009897,-0.008938,-0.012323,-0.149972,0.002932
580,-0.001724,-0.003644,0.019520,0.022903,-0.000323,0.000175,0.007728,0.022493
581,0.013217,0.003636,0.001989,0.001195,0.011992,0.013158,0.035301,-0.003008
582,-0.009705,0.001559,0.001709,-0.029076,0.000548,-0.010697,-0.034171,-0.040766
583,-0.009460,0.002422,-0.009845,-0.033386,0.005506,0.003589,-0.038506,0.001650
584,0.002509,0.006856,0.009568,-0.017795,0.003302,0.007878,0.013018,0.016409
585,0.009094,0.004600,0.024445,-0.015883,0.011568,0.020853,0.047487,0.021030
586,-0.000490,0.005597,0.001990,-0.012323,0.006924,0.010758,-0.023328,0.017557
587,0.008508,0.008572,0.021257,-0.021904,0.011258,0.015861,0.050785,0.012762
588,-0.003533,-0.001435,-0.010074,-0.031370,0.001704,-0.002607,-0.026803,-0.026990
589,-0.001871,0.001004,-0.001633,0.013215,-0.000532,0.004844,-0.025016,0.003848
590,0.012642,0.003347,0.007950,-0.006998,0.002386,-0.000026,0.020375,0.028110
591,0.002098,-0.000829,0.011355,0.019395,0.003351,0.006204,0.020928,-0.000733
592,0.005776,0.008824,0.003546,0.013508,0.008840,0.008785,0.144747,0.232764
593,-0.007013,-0.001252,-0.010324,-0.025483,-0.000311,-0.003870,-0.033305,-0.041148
594,-0.007151,-0.005481,-0.015744,-0.031214,-0.002790,-0.004450,-0.045268,-0.027974
595,-0.003740,0.003714,-0.004933,-0.007258,-0.001804,0.000145,-0.027300,0.014654
596,0.001895,0.004207,0.020748,0.021444,-0.005276,-0.010515,-0.015767,-0.023793
597,-0.010747,-0.007704,-0.046798,-0.041434,-0.009374,-0.016316,-0.122984,-0.068857
598,-0.009672,-0.006432,-0.036727,-0.050797,-0.009299,-0.014873,-0.080154,-0.058990
599,0.008154,0.007049,0.027095,0.025058,0.004906,0.000240,0.026095,0.011261
600,0.000599,-0.004084,-0.006091,-0.017717,0.009757,0.004938,-0.030708,-0.017592
601,0.013151,0.004389,0.017976,0.007265,0.005919,-0.000623,0.067388,0.053697
602,0.006283,0.005256,0.026029,0.015968,-0.000086,-0.000441,0.044198,0.026516
603,0.005509,0.004125,0.030162,0.031710,0.002096,0.007341,0.054046,0.047807
604,-0.001940,0.000579,0.003656,0.000132,-0.001315,-0.003348,0.016379,-0.003612
605,-0.003974,-0.001652,0.010590,0.005064,0.001876,0.000707,0.013074,0.008238
