Element,Cell,Method,Track,Correlation,N
BCL11A,K562,DeepCompARE,CAGE HepG2,0.101758,342
BCL11A,K562,DeepCompARE,CAGE K562,0.087586,342
BCL11A,K562,DeepCompARE,DNase HepG2,0.070937,342
BCL11A,K562,DeepCompARE,DNase K562,0.048164,342
BCL11A,K562,DeepCompARE,STARR HepG2,0.182274,342
BCL11A,K562,DeepCompARE,STARR K562,0.187965,342
BCL11A,K562,DeepCompARE,SuRE HepG2,0.083460,342
BCL11A,K562,DeepCompARE,SuRE K562,0.091959,342
F9,HepG2,DeepCompARE,CAGE HepG2,0.434496,359
F9,HepG2,DeepCompARE,CAGE K562,0.536740,359
F9,HepG2,DeepCompARE,DNase HepG2,0.471000,359
F9,HepG2,DeepCompARE,DNase K562,0.212225,359
F9,HepG2,DeepCompARE,STARR HepG2,0.731181,359
F9,HepG2,DeepCompARE,STARR K562,0.654082,359
F9,HepG2,DeepCompARE,SuRE HepG2,0.766433,359
F9,HepG2,DeepCompARE,SuRE K562,0.673362,359
GP1BA,K562,DeepCompARE,CAGE HepG2,0.344787,408
GP1BA,K562,DeepCompARE,CAGE K562,0.365387,408
GP1BA,K562,DeepCompARE,DNase HepG2,0.353390,408
GP1BA,K562,DeepCompARE,DNase K562,0.516666,408
GP1BA,K562,DeepCompARE,STARR HepG2,0.297933,408
GP1BA,K562,DeepCompARE,STARR K562,0.371370,408
GP1BA,K562,DeepCompARE,SuRE HepG2,0.453361,408
GP1BA,K562,DeepCompARE,SuRE K562,0.546027,408
HBB,K562,DeepCompARE,CAGE HepG2,0.314657,244
HBB,K562,DeepCompARE,CAGE K562,0.645274,244
HBB,K562,DeepCompARE,DNase HepG2,0.386469,244
HBB,K562,DeepCompARE,DNase K562,0.540775,244
HBB,K562,DeepCompARE,STARR HepG2,0.059472,244
HBB,K562,DeepCompARE,STARR K562,0.189861,244
HBB,K562,DeepCompARE,SuRE HepG2,0.511216,244
HBB,K562,DeepCompARE,SuRE K562,0.686842,244
HBG1,K562,DeepCompARE,CAGE HepG2,0.393568,362
HBG1,K562,DeepCompARE,CAGE K562,0.344875,362
HBG1,K562,DeepCompARE,DNase HepG2,0.374502,362
HBG1,K562,DeepCompARE,DNase K562,0.454500,362
HBG1,K562,DeepCompARE,STARR HepG2,-0.017711,362
HBG1,K562,DeepCompARE,STARR K562,0.075983,362
HBG1,K562,DeepCompARE,SuRE HepG2,0.393364,362
HBG1,K562,DeepCompARE,SuRE K562,0.515600,362
LDLR,HepG2,DeepCompARE,CAGE HepG2,0.300111,486
LDLR,HepG2,DeepCompARE,CAGE K562,0.385774,486
LDLR,HepG2,DeepCompARE,DNase HepG2,0.450270,486
LDLR,HepG2,DeepCompARE,DNase K562,0.487533,486
LDLR,HepG2,DeepCompARE,STARR HepG2,0.383107,486
LDLR,HepG2,DeepCompARE,STARR K562,0.444600,486
LDLR,HepG2,DeepCompARE,SuRE HepG2,0.557083,486
LDLR,HepG2,DeepCompARE,SuRE K562,0.540941,486
PKLR-24h,K562,DeepCompARE,CAGE HepG2,0.437328,521
PKLR-24h,K562,DeepCompARE,CAGE K562,0.554005,521
PKLR-24h,K562,DeepCompARE,DNase HepG2,0.247511,521
PKLR-24h,K562,DeepCompARE,DNase K562,0.578694,521
PKLR-24h,K562,DeepCompARE,STARR HepG2,0.165593,521
PKLR-24h,K562,DeepCompARE,STARR K562,0.441348,521
PKLR-24h,K562,DeepCompARE,SuRE HepG2,0.420312,521
PKLR-24h,K562,DeepCompARE,SuRE K562,0.628323,521
SORT1,HepG2,DeepCompARE,CAGE HepG2,0.111634,1155
SORT1,HepG2,DeepCompARE,CAGE K562,0.155782,1155
SORT1,HepG2,DeepCompARE,DNase HepG2,0.533001,1155
SORT1,HepG2,DeepCompARE,DNase K562,0.206314,1155
SORT1,HepG2,DeepCompARE,STARR HepG2,0.319949,1155
SORT1,HepG2,DeepCompARE,STARR K562,0.224163,1155
SORT1,HepG2,DeepCompARE,SuRE HepG2,0.423739,1155
SORT1,HepG2,DeepCompARE,SuRE K562,0.162324,1155
BCL11A,K562,Enformer,CAGE K562,-0.134168,342
BCL11A,K562,Enformer,CAGE HepG2,-0.075159,342
BCL11A,K562,Enformer,DNASE K562,0.164520,342
BCL11A,K562,Enformer,DNASE HepG2,0.149171,342
F9,HepG2,Enformer,CAGE K562,0.018615,359
F9,HepG2,Enformer,CAGE HepG2,0.187327,359
F9,HepG2,Enformer,DNASE K562,0.255652,359
F9,HepG2,Enformer,DNASE HepG2,0.305223,359
GP1BA,K562,Enformer,CAGE K562,0.452507,408
GP1BA,K562,Enformer,CAGE HepG2,0.296836,408
GP1BA,K562,Enformer,DNASE K562,0.492060,408
GP1BA,K562,Enformer,DNASE HepG2,0.321323,408
HBB,K562,Enformer,CAGE K562,0.359092,244
HBB,K562,Enformer,CAGE HepG2,-0.289092,244
HBB,K562,Enformer,DNASE K562,0.629875,244
HBB,K562,Enformer,DNASE HepG2,0.542575,244
HBG1,K562,Enformer,CAGE K562,-0.394489,362
HBG1,K562,Enformer,CAGE HepG2,-0.639609,362
HBG1,K562,Enformer,DNASE K562,0.156048,362
HBG1,K562,Enformer,DNASE HepG2,-0.386313,362
LDLR,HepG2,Enformer,CAGE K562,0.502939,486
LDLR,HepG2,Enformer,CAGE HepG2,0.492484,486
LDLR,HepG2,Enformer,DNASE K562,0.578749,486
LDLR,HepG2,Enformer,DNASE HepG2,0.587853,486
PKLR-24h,K562,Enformer,CAGE K562,0.581818,521
PKLR-24h,K562,Enformer,CAGE HepG2,-0.124985,521
PKLR-24h,K562,Enformer,DNASE K562,0.791484,521
PKLR-24h,K562,Enformer,DNASE HepG2,-0.037795,521
SORT1,HepG2,Enformer,CAGE K562,0.004780,1155
SORT1,HepG2,Enformer,CAGE HepG2,0.585515,1155
SORT1,HepG2,Enformer,DNASE K562,0.226374,1155
SORT1,HepG2,Enformer,DNASE HepG2,0.672447,1155
BCL11A,K562,AlphaGenome,CAGE K562,0.098143,342
BCL11A,K562,AlphaGenome,DNASE K562,0.156345,342
BCL11A,K562,AlphaGenome,ATAC K562,0.147021,342
BCL11A,K562,AlphaGenome,CAGE HepG2,0.131500,342
BCL11A,K562,AlphaGenome,DNASE HepG2,0.183228,342
BCL11A,K562,AlphaGenome,ATAC HepG2,0.185706,342
F9,HepG2,AlphaGenome,CAGE K562,0.606665,359
F9,HepG2,AlphaGenome,DNASE K562,0.537092,359
F9,HepG2,AlphaGenome,ATAC K562,0.502573,359
F9,HepG2,AlphaGenome,CAGE HepG2,0.497864,359
F9,HepG2,AlphaGenome,DNASE HepG2,0.467424,359
F9,HepG2,AlphaGenome,ATAC HepG2,0.394588,359
GP1BA,K562,AlphaGenome,CAGE K562,0.577931,408
GP1BA,K562,AlphaGenome,DNASE K562,0.543403,408
GP1BA,K562,AlphaGenome,ATAC K562,0.637060,408
GP1BA,K562,AlphaGenome,CAGE HepG2,0.598152,408
GP1BA,K562,AlphaGenome,DNASE HepG2,0.618832,408
GP1BA,K562,AlphaGenome,ATAC HepG2,0.552975,408
HBB,K562,AlphaGenome,CAGE K562,0.638037,244
HBB,K562,AlphaGenome,DNASE K562,0.589152,244
HBB,K562,AlphaGenome,ATAC K562,0.638087,244
HBB,K562,AlphaGenome,CAGE HepG2,0.219926,244
HBB,K562,AlphaGenome,DNASE HepG2,0.473131,244
HBB,K562,AlphaGenome,ATAC HepG2,0.501146,244
HBG1,K562,AlphaGenome,CAGE K562,0.553004,362
HBG1,K562,AlphaGenome,DNASE K562,0.517750,362
HBG1,K562,AlphaGenome,ATAC K562,0.522495,362
HBG1,K562,AlphaGenome,CAGE HepG2,0.177091,362
HBG1,K562,AlphaGenome,DNASE HepG2,-0.197420,362
HBG1,K562,AlphaGenome,ATAC HepG2,-0.111931,362
LDLR,HepG2,AlphaGenome,CAGE K562,0.724862,486
LDLR,HepG2,AlphaGenome,DNASE K562,0.736975,486
LDLR,HepG2,AlphaGenome,ATAC K562,0.722560,486
LDLR,HepG2,AlphaGenome,CAGE HepG2,0.720427,486
LDLR,HepG2,AlphaGenome,DNASE HepG2,0.720549,486
LDLR,HepG2,AlphaGenome,ATAC HepG2,0.730235,486
PKLR-24h,K562,AlphaGenome,CAGE K562,0.703972,521
PKLR-24h,K562,AlphaGenome,DNASE K562,0.687941,521
PKLR-24h,K562,AlphaGenome,ATAC K562,0.681284,521
PKLR-24h,K562,AlphaGenome,CAGE HepG2,0.548525,521
PKLR-24h,K562,AlphaGenome,DNASE HepG2,0.516265,521
PKLR-24h,K562,AlphaGenome,ATAC HepG2,0.353748,521
SORT1,HepG2,AlphaGenome,CAGE K562,0.330497,1155
SORT1,HepG2,AlphaGenome,DNASE K562,0.368184,1155
SORT1,HepG2,AlphaGenome,ATAC K562,0.354287,1155
SORT1,HepG2,AlphaGenome,CAGE HepG2,0.691345,1155
SORT1,HepG2,AlphaGenome,DNASE HepG2,0.741120,1155
SORT1,HepG2,AlphaGenome,ATAC HepG2,0.688657,1155
